priority_rank,asin,suggested_sku,account,impressions,clicks,conversions,units_sold,assigned_PH
1,B08V5MK449,CRSF100BM+PHCH1BMRBM+LSCY290BM,DCVoltage UK,19117,53,21,5,
2,B08XBXG4DR,CRSF100WH+LHTTE27WH,DCVoltage UK,304,8,17,19,
3,B0965HZJGN,ENC686,DCVoltage UK,12848,65,11,1,
4,B096FPKPNQ,ENC685,DCVoltage UK,12790,120,10,3,
5,B0GW7VBY3J,LHSWPBB22GD,LEDSone UK,3825,25,10,1,
6,B0CSDPYCLM,STBFT50M48EWH,LEDSone UK,3143,29,9,9,
7,B0FQVCJCKP,ENC9107,DCVoltage UK,106,0,8,23,
8,B0F9YNBRZD,LSMS320BG+RPR44WH,LEDSone UK,3956,15,8,18,
9,B0FMRL88RP,CRSF100WH2PK+LHTTE27WH2PK,DCVoltage UK,261,8,7,8,
10,B0GVSYH4DM,WCBTC140FG2PK+RPR44WH2PK,LEDSone UK,5309,16,6,7,
11,B0CNT2ML5D,PLADBC,DCVoltage UK,2839,15,6,7,
12,B0GW83X9F4,LHSWPBB22GD,DCVoltage UK,4056,32,6,6,
13,B0GW7T9WPD,CRSF1202WH,LEDSone UK,1364,18,6,6,
14,B0CHW3Q9VG,CRSF100YB+PHRI1PBRYB+LSDO300YB,LEDSone UK,4697,39,6,5,
15,B0FQVK88R8,ENC9103,DCVoltage UK,1360,6,5,7,
16,B0D9RXR2CM,WCDTGD3PK+RPR44WH3PK,LEDSone UK,1978,12,5,6,
17,B0CP3CZ4TM,CRFF100CH+PHUP1PCRCH+CNT900CH,DCVoltage UK,2126,29,5,5,
18,B0CMCPXP21,CRFF500CH+WCCY1ROCH3PK+LDMT45E2743PK,LEDSone UK,1892,8,5,5,
19,B0F29GB76Y,SPSD78SN2PK,LEDSone UK,183,0,5,5,
20,B0917RQ9PM,PLHCBC+LSDO210BC3PK,LEDSone UK,3803,36,5,3,
21,B0CG5ZHJYF,LSCY290BC2PK+RPR44WH2PK,DCVoltage UK,2070,12,5,1,
22,B0D794K9Y2,WCB7BM2PK+RPR44WH2PK,LEDSone UK,1009,4,5,1,
23,B0FNWFF268,LSWD360BG+RPR44WH,LEDSone UK,2034,23,4,13,
24,B08SHV91ZW,CRFF100GB+PHUP1PBRGB+CNT900GB,DCVoltage UK,1440,21,4,5,
25,B0H38YJTN8,LSGL9015GY2PK+RPM40WH2PK,DCVoltage UK,915,3,4,5,
26,B0FFB3XJ7G,BS6S8033GY,LEDSone UK,2398,28,4,4,
27,B0C8TZ2GMQ,PLADBS+LSDO210BS3PK,DCVoltage UK,1077,19,4,4,
28,B0H2SFBKWQ,PCBISR5PK,LEDSone UK,195,1,4,4,
29,B0F2919CBQ,LSCY290AA+RPR44WH,LEDSone UK,120,8,4,2,
30,B0GW8313KY,LHSWPBB22CH,LEDSone UK,2360,22,4,1,
31,B0GW84WQXL,,LEDSone UK,196,1,4,0,
32,B08WRTD7YP,PHCT1BMRBM+PHBA1BMRBM+LSYG410BI,DCVoltage UK,166,0,3,22,
33,B097YR1WKC,CRFF500BM+PHHT1PBRRO3PK+WCWDRO3PK,LEDSone UK,2854,46,3,10,
34,B0FTL8FBDR,TSST349131GRHPK,LEDSone UK,1132,9,3,8,
35,B0CLZYFPLL,CRSF100GB+PHCHPBRGB+LSCY290GB,LEDSone UK,614,7,3,7,
36,B08P1H5JLL,LSRP260CO+RPR44WH,DCVoltage UK,143,1,3,7,
37,B0DPM9QV89,LHCTOYB,LEDSone UK,495,3,3,5,
38,B0DTZ26LDY,LSHH240BG,LEDSone UK,61,0,3,5,
39,B084RP9PZ7,WCB4BS+RPR44WH,LEDSone UK,13998,29,3,4,
40,B08V8SCW2X,WCB7BM+RPR44WH,DCVoltage UK,4912,16,3,4,
41,B094VJWCF5,PLADBC,LEDSone UK,1498,20,3,4,
42,B08YFJ5WY4,CRSF2003YB+PHSH1PBRYB3PK+LSCY210BG3PK,DCVoltage UK,1269,12,3,4,
43,B0CM2RZNHV,WCDTGD+RPR44WH,DCVoltage UK,1249,5,3,4,
44,B0FN4C3B9T,PLHCBM+LSDO210BM3PK,LEDSone UK,583,3,3,4,
45,B0CG61V914,LSCY290RR2PK+RPR44WH2PK,DCVoltage UK,201,0,3,4,
46,B096G8PC4S,CRSF100GB+PHCHPBRGB+LSCY290GB,LEDSone UK,2039,9,3,3,
47,B08WRC297L,PHCT1BMRBM+PHBA1BMRBM+LSDO400BM,DCVoltage UK,1895,13,3,3,
48,B09HV7T2B5,CRFF500BM+PHCN1PBRYB3PK+LSDM220YB3PK,LEDSone UK,1556,11,3,3,
49,B09KNR8L6C,CRSF2003BM+PHRB1PBR40BM3PK+LSBS160YE3PK,LEDSone UK,1481,7,3,3,
50,B0GYPHS1FD,BS6S6628BM,LEDSone UK,1068,9,3,3,
51,B0FNQZKZRN,BSFCDRWHPI,LEDSone UK,1044,17,3,3,
52,B0CNTD1PTQ,WCB6BB+RPR44WH,DCVoltage UK,915,3,3,3,
53,B0CVL5HFQX,LSEL400BM+RPR44WH,DCVoltage UK,854,2,3,3,
54,B0CC62QM7Y,LSMS320BU+RPR44WH,DCVoltage UK,789,9,3,3,
55,B0F7B1PXV6,CTBOP28XL+CTBOP27XL+CTBOP26XL,DCVoltage UK,745,26,3,3,
56,B0H394ZWB5,LSGL9015GY+RPM40WH,DCVoltage UK,612,6,3,3,
57,B0DVLPPMXL,PHSHF1PBRYB+LSCY290BG+ICST64E27,LEDSone UK,602,6,3,3,
58,B0F28YKH9K,LSCY290RR+RPR44WH,LEDSone UK,225,0,3,3,
59,B0CR63FXY6,CKB6820PCBM,LEDSone UK,219,6,3,3,
60,B0D56ZXBW1,WCB7BM2PK+RPR44WH2PK,DCVoltage UK,190,3,3,3,
61,B0F441RQ1Q,CENU25200BM2PK,DCVoltage UK,101,0,3,3,
62,B0G499DJQL,WCCYSP180WH2PK+RPR44WH2PK,DCVoltage UK,56,0,3,3,
63,B08V8XSXKB,CRSF100BM+PHSH1PBRBM+LSMS320BI,DCVoltage UK,570,1,3,2,
64,B0F2915RW5,LSCY290CY+RPR44WH,LEDSone UK,179,0,3,2,
65,B0F28YR5JN,,LEDSone UK,4462,18,3,0,
66,B0CBLWLZ4W,,DCVoltage UK,1244,14,3,0,
67,B0CG5YFN9X,,DCVoltage UK,941,5,3,0,
68,B0DSBVY2DZ,CRSF100BM+PHUP1PBRBM+LSH3325HE,LEDSone UK,178,2,2,10,
69,B08X7J912L,PLPYBC,DCVoltage UK,384,4,2,6,
70,B084RFZNH8,WCB7BM+RPR44WH,LEDSone UK,33,0,2,5,
71,B0DV5F3N8Z,ENC8218,LEDSone UK,3354,33,2,4,
72,B0DHLDX34K,LSCO335WH+RPR44WH,LEDSone UK,196,2,2,4,
73,B0D6GDQP8G,CRSF100BC+PHNW1RBC+ICST64E27,LEDSone UK,156,1,2,4,
74,B09HN3LKV4,PHSF1PWR40WH+CGWDWO+LSBS160WH,LEDSone UK,115,3,2,4,
75,B0CSJVZCXR,WCCYSQBM2PK+LDMT45E2742PK,LEDSone UK,102,0,2,4,
76,B0GWLHXMQ5,LSGLWB125TN2PK+SCRN70YB2PK,LEDSone UK,969,6,2,3,
77,B0F6V9HH23,ENC685,LEDSone UK,765,1,2,3,
78,B0D93SG7BH,WCB6BS3PK+RPR44WH3PK,LEDSone UK,596,2,2,3,
79,B0GYPHHNKD,BS6S8033ML,LEDSone UK,276,2,2,3,
80,B0FN7YJXXB,SSSFGLCL3PK,LEDSone UK,239,3,2,3,
81,B08V8KYY9H,CRSF100BM+PHSH1PBRBM+LSMS320OR,DCVoltage UK,235,2,2,3,
82,B09WJFXSD9,CRFF140SN+WSNW170SN+LSOL220SN,LEDSone UK,119,1,2,3,
83,B095P9K3WL,CRSF100BM+WSNW170BM+LSUL220BM,LEDSone UK,90,0,2,3,
84,B0FXFP656V,WCFRBM2PK+ICST64E27602PK,DCVoltage UK,63,0,2,3,
85,B0CVDZZ8NN,TSTLRUSRB2PK,LEDSone UK,62,1,2,3,
86,B08XXW4PKK,WCB7BM+RPR44WH,DCVoltage UK,53,0,2,3,
87,B0FN7L73KF,CRSF100CH+LHNSE27CH+ICST64E27,LEDSone UK,30,0,2,3,
88,B0GY423LQJ,LSGL9015CL2PK+RPM40WH2PK,DCVoltage UK,3071,13,2,2,
89,B0G57TF1GT,CRFF500BM+PHNW1RBM3PK,LEDSone UK,2806,13,2,2,
90,B08B61VPZL,PLTTBC+LSFT220BC,LEDSone UK,2138,11,2,2,
91,B0CCDQ9N41,WCVCBM2PK+RPR44WH2PK,LEDSone UK,1894,6,2,2,
92,B09HV6YPCH,CRFF500BM+PHHT1PBRBM3PK+WCDTBM3PK,LEDSone UK,1876,8,2,2,
93,B0H393YSKV,LSGL9015GY3PK+RPM40WH3PK,DCVoltage UK,1247,8,2,2,
94,B0CNT1QNSN,PLADBM,DCVoltage UK,1130,9,2,2,
95,B0DV5DF7H5,ENC8216,LEDSone UK,840,7,2,2,
96,B0GZND9ZR6,LHSWPBB22GD2PK,LEDSone UK,833,5,2,2,
97,B0D6KLL6DX,LSCY290GY2PK+RPR44WH2PK,DCVoltage UK,725,0,2,2,
98,B0H32W9HVL,SPCC320BM2PK,LEDSone UK,626,11,2,2,
99,B0F4432H4K,CENU19150BM2PK,DCVoltage UK,541,2,2,2,
100,B0FNN717PN,CRSF1203BM+PHRN2PCRBM3PK,LEDSone UK,486,3,2,2,
101,B0CZ9CH465,LSMS320BT2PK+RPR44WH2PK,DCVoltage UK,476,1,2,2,
102,B09HV88XVH,CRFF500BM+PHHT1PBRRO3PK+WCWDRO3PK,LEDSone UK,461,4,2,2,
103,B0C9DPGRGD,SPSDP2BM,DCVoltage UK,440,10,2,2,
104,B0FHK4V88R,TPFC300BG,DCVoltage UK,393,1,2,2,
105,B0GVT3RF7L,WCBTC120FG2PK+RPR44WH2PK,LEDSone UK,377,2,2,2,
106,B0F4KN3FGH,ENC1276,LEDSone UK,365,0,2,2,
107,B0CXX5K5LC,WCDTGD2PK+RPR44WH2PK,DCVoltage UK,328,1,2,2,
108,B0GXB4FPPR,WCBTC140FG2PK+RPR44WH2PK,LEDSone UK,323,1,2,2,
109,B0GGS4DFB1,CRFF100BM+PHUP1PBRBM+CNT900BM,DCVoltage UK,297,5,2,2,
110,B0G57Z7PBB,ENC641,LEDSone UK,279,2,2,2,
111,B0DTHTGPD2,WCB7WH3PK+RPR44WH3PK,DCVoltage UK,235,0,2,2,
112,B0F2DLJ3TC,LSFS230BM,LEDSone UK,206,3,2,2,
113,B0CBXBG2FC,PLPYBM+ICST64E27,LEDSone UK,196,2,2,2,
114,B0CP933MXR,CRSF100BB2PK+PHCH1PBRBB2PK+LSCY290BB2PK,DCVoltage UK,192,0,2,2,
115,B0D83G5VKN,ENC685,DCVoltage UK,175,1,2,2,
116,B08SVWVMG5,PLDMBC,DCVoltage UK,174,5,2,2,
117,B0F1CWQNRP,WCB7BM2PK+RPR44WH2PK,LEDSone UK,165,0,2,2,
118,B0GXB6JVLM,WCBTC140FG+RPR44WH,LEDSone UK,143,3,2,2,
119,B0B8J7B3XN,CRSF1205CO,LEDSone UK,140,1,2,2,
120,B0GXB6VRXQ,WCBTC100FG2PK+RPR44WH2PK,LEDSone UK,106,1,2,2,
121,B0CDLX5XG2,WLRPE27BM2PK+LDA60E278WW2PK,LEDSone UK,98,0,2,2,
122,B0DYDYF8GT,CRFF100YB+LHNSE27YB,LEDSone UK,90,0,2,2,
123,B0DP24XN58,12UK3P8A,DCVoltage UK,88,2,2,2,
124,B08V8VZTMZ,CRSF100RO+PHSH1PBRRO+LSCY290RO,DCVoltage UK,86,0,2,2,
125,B0D229XQNM,CBSF1002PK,LEDSone UK,85,2,2,2,
126,B0CJCFF5SY,LSSS300BI2PK+RPR44WH2PK,DCVoltage UK,74,0,2,2,
127,B0D4DX8WFJ,LBT1ZEYE,LEDSone UK,71,2,2,2,
128,B0DV5D8QP4,ENC8215,LEDSone UK,56,1,2,2,
129,B08YFHBJLF,CRSF2003CO+PHHN1PBRCO3PK+LSDO210BG3PK,DCVoltage UK,54,0,2,2,
130,B08V5DJWL9,CRSF100BS+PHCH1PBRBS+LSCY290BS,DCVoltage UK,53,0,2,2,
131,B0C5QKJZ9J,WCVCBM+RPR44WH,DCVoltage UK,52,0,2,2,
132,B0CBPQH72B,WCB4BS2PK+RPR44WH2PK,DCVoltage UK,49,0,2,2,
133,B0FMRL3D3P,CRSF100BM2PK+LHTTE27BM2PK,DCVoltage UK,43,0,2,2,
134,B0D6YLRXL6,CCGRNWH50,DCVoltage UK,39,0,2,2,
135,B0CTCN4DGB,CRSF100GB+CL3TBR+LHSHE27GB,LEDSone UK,35,0,2,2,
136,B0DTYYYWYG,LSSS300BG+RPR44WH,LEDSone UK,29,0,2,2,
137,B09D3YTMG9,PLDMRR+LDMST64E274,DCVoltage UK,21,0,2,2,
138,B08FXSCF48,LSFT220BL+RPR44WH,DCVoltage UK,10,0,2,2,
139,B09C5SYCR3,CRSF2003BB+PHSH1PBRYB3PK+LSDO210BB3PK,LEDSone UK,545,3,2,1,
140,B096FP59Q2,PLADRR+ICST64E27603PK,DCVoltage UK,246,1,2,1,
141,B093X4CBSK,,LEDSone UK,2377,10,2,0,
142,B0BNXHF2BR,,DCVoltage UK,688,9,2,0,
143,B08V8MYCZR,,DCVoltage UK,587,4,2,0,
144,B09MSHG25R,,LEDSone UK,554,3,2,0,
145,B0BY38BKBD,,DCVoltage UK,535,6,2,0,
146,B0CL1K1T2T,,DCVoltage UK,301,3,2,0,
147,B0CBLXL9R1,,DCVoltage UK,289,2,2,0,
148,B0CBPB46GY,,DCVoltage UK,228,0,2,0,
149,B0D53DFPS4,,DCVoltage UK,181,2,2,0,
150,B0CFLHNJL9,WCWODV1BM+ICST64E27,LEDSone UK,15,0,1,10,
151,B095SXCLQX,CRSF100BM+PHRI1PBRYB+LSOL220YB+ICST64E27,DCVoltage UK,16,0,1,6,
152,B0DF2P56KZ,CL2BPI,DCVoltage UK,109,1,1,5,
153,B09HN38SMR,CRSF100RE+PHRB1PWR40WH+CGWDWO+LSBS160RE,LEDSone UK,29,1,1,5,
154,B0CBVDKMJK,CRSF2003BM+PHRB1PBR40BM3PK+LSBS160BM3PK,LEDSone UK,8,0,1,5,
155,B0CL6WS7GS,LDCCB22205PK,DCVoltage UK,1,0,1,5,
156,B0B8DVBX4Q,CRSF1204BM,LEDSone UK,145,2,1,4,
157,B0CNCRN767,ENC5769,LEDSone UK,82,1,1,4,
158,B0CNXWQTBX,CRSF100SN+LHNSE27SN+LSDM220SN+ICST64E27,DCVoltage UK,80,0,1,4,
159,B084JRSK7F,PSDS4BMRRE,DCVoltage UK,40,3,1,4,
160,B07QQZ9L5N,12ASIP2060,DCVoltage UK,27,1,1,4,
161,B09CYVVZ4H,ENC1811,DCVoltage UK,439,5,1,3,
162,B0C4LX1VXL,LSLC180BC+RPR44WH,LEDSone UK,312,1,1,3,
163,B0CG5YC965,LSCY290SN2PK+RPR44WH2PK,DCVoltage UK,205,1,1,3,
164,B0DPMBXRPG,LHCTORO,LEDSone UK,139,0,1,3,
165,B0CNCJW179,ENC5771,LEDSone UK,42,0,1,3,
166,B0G13VQY86,PHFSH1PBRBM+LSMS320BU,DCVoltage UK,27,1,1,3,
167,B0CP9GBQHY,ENC1284,DCVoltage UK,27,0,1,3,
168,B0G4QPLQQT,PCDO20SN2PK,LEDSone UK,7,0,1,3,
169,B0GGQWCF1K,CRFF100CO+PHUP1PBRCO+CNT900CO,DCVoltage UK,7,0,1,3,
170,B08FXC7DRQ,LSFT220BG+RPR44WH,DCVoltage UK,1,0,1,3,
171,B09V8B8RJF,CRSF2003BM+PHHN1PBRGD3PK+LSDO210YE3PK,LEDSone UK,779,5,1,2,
172,B0G616NMFD,CRSF100BM+PHNW1RBM,LEDSone UK,584,2,1,2,
173,B0F9YQB852,LSMS320SE+RPR44WH,LEDSone UK,554,1,1,2,
174,B08WRLCTQK,PHCT1BMRBM+PHBA1BMRBM+LSYG410GY,DCVoltage UK,472,2,1,2,
175,B0BNXK9R1L,CRSF100CO+PHSH1PBRCO+LSDM220CO+LDWWE2715,DCVoltage UK,293,0,1,2,
176,B0DSC1CVFJ,LSDO400RE2PK+RPR44WH2PK,DCVoltage UK,274,2,1,2,
177,B08WLZZC5C,CRSF100CO+PHMU1PBRCO+LSDM220CO,DCVoltage UK,238,1,1,2,
178,B0FZSF36HG,CRSF100BM+LHNSE27BM+LSSS300GY,LEDSone UK,174,2,1,2,
179,B0D6KMPC9W,LSCY290GB2PK+RPR44WH2PK,DCVoltage UK,136,0,1,2,
180,B0FZSNXKMJ,CRSF100BM+LHNSE27BM+LSSS300BB,LEDSone UK,128,1,1,2,
181,B0G5ZRFC58,CRSF100BM+PHNW1RBM+ICST64E27,LEDSone UK,89,0,1,2,
182,B0CB11TSJY,CRSF120BM+PHNW2RBM+SPUPBM+ICST64E27,DCVoltage UK,87,0,1,2,
183,B07WZTXD29,CRSF100YB,DCVoltage UK,80,0,1,2,
184,B0GGQYC117,CRFF100GB+PHUP1PBRGB+CNT900GB,DCVoltage UK,53,0,1,2,
185,B0DCBKL2DF,IMCWEPK,DCVoltage UK,50,0,1,2,
186,B0F2T3T2CQ,LSMS320BG+RPR44WH,LEDSone UK,46,0,1,2,
187,B0CWNZPC49,CRFF140SN+WSNW170SN+LSMS320GY,LEDSone UK,41,2,1,2,
188,B0CVH4CM39,RWWPSY0660YE,DCVoltage UK,41,0,1,2,
189,B0BX42221D,LSSS300NB+RPR44WH,LEDSone UK,41,0,1,2,
190,B0CWRLFPGX,TPHTTF2PBRBM+WCB5BM,LEDSone UK,40,0,1,2,
191,B0DVLV3QCW,PHCH1FBRBM+LSHQ180BG,LEDSone UK,40,0,1,2,
192,B0CF5M4665,ENC3241,LEDSone UK,38,0,1,2,
193,B0CSFG25HB,PHCT1BMRBM+PHBA1BMRBM+LSYG410BI,DCVoltage UK,38,0,1,2,
194,B0CDLVQNNV,WLRPE27BM3PK+LDA60E278WW3PK,LEDSone UK,37,0,1,2,
195,B0GRGDFKXK,IMBLCPK,LEDSone UK,28,1,1,2,
196,B07SSFZFBM,24IP6780,LEDSone UK,27,0,1,2,
197,B0CSDNWDPY,STBFT50M48EWH6PK,LEDSone UK,26,0,1,2,
198,B0DNSZ74XQ,PSOS2YBRPB,LEDSone UK,20,0,1,2,
199,B09C23537M,CRSF2003BC+PHSH1PBRYB3PK+LSDO210BC3PK,LEDSone UK,15,0,1,2,
200,B093X1R3NK,PHHT1FBRBM+LSHM300HE,LEDSone UK,14,0,1,2,
201,B0CG1VJLT9,CRFF108CO2PK+LHTKE27CO2PK,LEDSone UK,4,0,1,2,
202,B0DV5FSQVT,ENC8213,LEDSone UK,3,0,1,2,
203,B0DKFXCR8Q,LHSQE27CO,LEDSone UK,1,0,1,2,
204,B0F43VJ1MN,LSCY290BU+RPR44WH,LEDSone UK,1,0,1,2,
205,B0F4436F1J,CENU25200WH2PK,DCVoltage UK,1,0,1,2,
206,B0CN4NF89Q,PLPYBS,DCVoltage UK,1,0,1,2,
207,B0F28Z2V3F,LSCY290GY+RPR44WH,LEDSone UK,2502,14,1,1,
208,B0CKHNKZGB,CRFF500BS+PHNW1RBS3PK+ICST64E273PK,DCVoltage UK,1807,14,1,1,
209,B0CP1VRQL3,LSCY290WH+RPR44WH,DCVoltage UK,916,5,1,1,
210,B08XNTQCK7,LSCY290OR+RPR44WH,DCVoltage UK,880,2,1,1,
211,B0C7QYQ25P,CRSF2003BM+WCRN3CBM3PK,DCVoltage UK,844,4,1,1,
212,B0GYPFYJFN,BS6S66609GY,LEDSone UK,823,12,1,1,
213,B0GVT5JPGR,WCBTC100FG2PK+RPR44WH2PK,LEDSone UK,803,2,1,1,
214,B0G5XLBDKH,CRSF2003BM+PHNW1RBM3PK,DCVoltage UK,765,9,1,1,
215,B0CQNKNK7T,PLTTBC+LSTF40BC,DCVoltage UK,731,4,1,1,
216,B0CMCR651C,CRFF500CH+WCCY1ROCH3PK+LDST45E2743PK,LEDSone UK,713,10,1,1,
217,B0GYPFK619,BS6S6609WH,LEDSone UK,683,8,1,1,
218,B0CF28734Y,WCB4BM+RPR44WH,LEDSone UK,644,4,1,1,
219,B0D9RYF987,ENC7498,DCVoltage UK,638,5,1,1,
220,B0DFBTNZBC,WCDTWH3PK+RPR44WH3PK,DCVoltage UK,590,2,1,1,
221,B0GYP7VWPW,BS6S6628WH,LEDSone UK,586,3,1,1,
222,B08NYRSQGP,PLADBC,LEDSone UK,529,0,1,1,
223,B083LYN9DW,PLDMBC,LEDSone UK,479,6,1,1,
224,B0GY3G4S1F,LSGL1275CL3PK+RPM40WH3PK,DCVoltage UK,462,2,1,1,
225,B09KNTHHN1,CRSF2003BM+PHRB1PBR40BM3PK+LSBS160OR3PK,LEDSone UK,459,1,1,1,
226,B0GXBB57TS,WCBTC120FG+RPR44WH,LEDSone UK,431,10,1,1,
227,B0CN95WHCG,LSMCP1ULMC+ICST64E27,DCVoltage UK,420,2,1,1,
228,B09V8BWNFZ,CRSF2003BM+PHHN1PBRGD3PK+LSDO210NB3PK,LEDSone UK,401,1,1,1,
229,B094D9PTHN,CRFF500BM+PHRI1PCRSN3PK+LSDM220SN3PK,LEDSone UK,321,5,1,1,
230,B095PRHY6W,LSBG136AR+SCRN70FG,DCVoltage UK,318,2,1,1,
231,B094NK21SK,ENC1522,DCVoltage UK,303,2,1,1,
232,B0CNJSDYVG,WCB2WH+RPR44WH,DCVoltage UK,299,3,1,1,
233,B0FGJQKK7Q,ENC6202,LEDSone UK,291,0,1,1,
234,B0DK8TC7L3,LHTOE27SN,LEDSone UK,271,3,1,1,
235,B0DSC2PMD2,LSDO400BM2PK+RPR44WH2PK,DCVoltage UK,233,0,1,1,
236,B08YFK9PL9,CRSF2003YB+PHCH1PBRBC3PK+LSCY210BC3PK,DCVoltage UK,228,4,1,1,
237,B096FR3CD5,PLADBC+ICST64E273PK,DCVoltage UK,222,2,1,1,
238,B0GDMFJZHV,STBFT50M48EWH3PK,LEDSone UK,220,0,1,1,
239,B07MMSXVG2,CL3RPIAPK,LEDSone UK,200,1,1,1,
240,B0FVX4F1PN,WBERT29GR3PK,DCVoltage UK,195,0,1,1,
241,B0DF7CPG15,CRSF100BM3PK,LEDSone UK,193,1,1,1,
242,B0FTS9Y6NR,12IP6710,LEDSone UK,190,0,1,1,
243,B07VVCDNS2,CRSF100BM+PHHT1PBRFG+CNT900BM,DCVoltage UK,188,1,1,1,
244,B08QJQS6VP,PHTT1PBR3BM+LSWT300BM,LEDSone UK,185,1,1,1,
245,B0GXB7RGZK,WCBSF90FG2PK+RPR44WH2PK,LEDSone UK,177,0,1,1,
246,B0H3918NPV,LSGL9015GY5PK+RPM40WH5PK,DCVoltage UK,176,1,1,1,
247,B08V927KBM,CRSF100RO+PHSH1PBRRO+LSDM220RO,DCVoltage UK,173,1,1,1,
248,B0D83C46FP,WCDTBL3PK+RPR44WH3PK,DCVoltage UK,161,0,1,1,
249,B0F2FDYS4Q,LSMS320OR+RPR44WH,LEDSone UK,159,0,1,1,
250,B0GTZJ9GYR,SWHBSP1OSWH,LEDSone UK,148,0,1,1,
251,B09MQTTBCW,WCB7BS+RPR44WH,LEDSone UK,148,0,1,1,
252,B08WRBVLN9,PHCT1BMRBM+PHBA1BMRBM+LSYG410YE,DCVoltage UK,146,2,1,1,
253,B0DSC1QVN6,LSDO400BI2PK+RPR44WH2PK,DCVoltage UK,140,0,1,1,
254,B09V8B973P,CRSF2003BM+PHHN1PBRGD3PK+LSDO210GY3PK,LEDSone UK,136,1,1,1,
255,B08YK34HVV,CRSF2003WH+LSDG220WI3PK,DCVoltage UK,134,4,1,1,
256,B08SW2WJ87,PLDMBM,DCVoltage UK,133,0,1,1,
257,B0CTSLSHXD,LSCO335OR2PK+RPR44WH2PK,DCVoltage UK,129,1,1,1,
258,B0FYJCKYTY,BSFCDRWHPI,DCVoltage UK,128,6,1,1,
259,B0GYPDTDLV,BS6S8033PI,LEDSone UK,127,3,1,1,
260,B0DP2VNVVF,CRSF100SN+PHCHPCRSN+LSCY290SN,LEDSone UK,125,0,1,1,
261,B091FP56Y5,CRSF2003BM+PHHN1PBRGD3PK+LSDO210BI3PK,LEDSone UK,124,0,1,1,
262,B0H2SC8XF1,PCBISR2PK,LEDSone UK,123,8,1,1,
263,B0CF1H4YZN,BLOB1GU300+LDGU10CD5,DCVoltage UK,123,0,1,1,
264,B0CDPZ5R1B,WCCYSQCH2PK+LDST45E2742PK,LEDSone UK,121,1,1,1,
265,B0F6YDBKQ2,CRSF1205WH,LEDSone UK,120,1,1,1,
266,B09KNQV7L7,CRSF2003BM+PHRB1PBR40BM3PK+LSBS160GY3PK,LEDSone UK,106,2,1,1,
267,B0CC8QX5QJ,CRSF100BM+WSSS70BM+LSWD360BM+ICST64E27,DCVoltage UK,104,0,1,1,
268,B0DMSBS6JK,CCBKNWE25,DCVoltage UK,103,0,1,1,
269,B0CF5K9JQD,CRSF100BM+PHCHPBRRO+LSCY290RO,LEDSone UK,103,1,1,1,
270,B0D571W4XR,WCB6BB2PK+RPR44WH2PK,DCVoltage UK,103,0,1,1,
271,B087NP4CCH,CRSF100YE,LEDSone UK,100,2,1,1,
272,B08P1JKCZX,LSRP260YB+RPR44WH,DCVoltage UK,100,1,1,1,
273,B0DM5GG596,PCGZ20MT3PK,LEDSone UK,100,4,1,1,
274,B0H1M1JHJF,LHRIE14WH3PK,LEDSone UK,98,1,1,1,
275,B0FM7WS64G,ENC9033,LEDSone UK,95,1,1,1,
276,B0CL9J6WFF,BLBB1GU225+LDGU10CD5,LEDSone UK,95,0,1,1,
277,B0D6G68TX9,CSBEB9AG+CSBEB9BM,DCVoltage UK,94,0,1,1,
278,B0GF1NNM5R,ENC1803,LEDSone UK,94,2,1,1,
279,B0FTS1XWQ7,12IP6720,LEDSone UK,93,1,1,1,
280,B0CWRR4CWX,TPHTTF2PBRBM+WCB7BC+ICST64E27,LEDSone UK,93,0,1,1,
281,B08YKBXRJ4,CRSF2003YB+PHSH1PBRBC3PK+LSDM220YB3PK,DCVoltage UK,93,0,1,1,
282,B0D6KMDZY7,LSCY290YB2PK+RPR44WH2PK,DCVoltage UK,93,0,1,1,
283,B0CKXLG37S,WCWDBM+RPR44WH,LEDSone UK,92,0,1,1,
284,B0DTTKL6KX,WCVCBM3PK+RPR44WH3PK,DCVoltage UK,92,1,1,1,
285,B0F9WY2KYB,LSFT220RE+RPR44WH,LEDSone UK,91,0,1,1,
286,B0CMXS34YP,WCCYROBM,DCVoltage UK,86,0,1,1,
287,B09BVZC1XT,WCTBBB,LEDSone UK,85,0,1,1,
288,B0FPCW8FG1,CRSF100BM+PHNW1RBM+ICST64E27,DCVoltage UK,84,0,1,1,
289,B0C2Q8FHQG,CRSF100WH+PHRB1PBRWH+CGWDWO+LSWE315GY,LEDSone UK,84,0,1,1,
290,B0H1MS8KF4,LDCWA60HE2776PK,LEDSone UK,84,2,1,1,
291,B0D6G6B11R,CSBEB9AG2PK,DCVoltage UK,82,0,1,1,
292,B07RSR2655,HLRK45BM,DCVoltage UK,81,3,1,1,
293,B0CP3FTNS9,CRFF100CH+PHUP1PCRCH+CNT900CH+ICST64E27,DCVoltage UK,79,1,1,1,
294,B0D2TFWFX7,LSCY290BM3PK+RPR44WH3PK,DCVoltage UK,77,0,1,1,
295,B0F79XM6L3,CTBOP21XXL+CTBOP20XXL+CTBOP19XXL,DCVoltage UK,76,0,1,1,
296,B0C4HCZ57T,LSCY210BG+RPR44WH,LEDSone UK,74,0,1,1,
297,B0DZHGNY42,LSLC180BS2PK+RPR44WH2PK,LEDSone UK,73,1,1,1,
298,B0D6KMPJB7,LSCY290GR2PK+RPR44WH2PK,DCVoltage UK,72,1,1,1,
299,B0GFDJH7PB,SPUPBM2PK,LEDSone UK,71,1,1,1,
300,B09YYSDPSH,PLADRR+LSDO210RR3PK+ICST64E273PK,DCVoltage UK,70,0,1,1,
301,B0FG7L178M,TPFC300BG,LEDSone UK,70,2,1,1,
302,B0G5Y4HV1T,CRSF1203BM+PHNW1RBM3PK,DCVoltage UK,69,1,1,1,
303,B0GWCZ6Y61,CRFF500BM+PHHT1PBRBM3PK+WCCYSP180BM3PK,DCVoltage UK,68,0,1,1,
304,B0DM5HVQ2P,CRFF500BM+PHTT1PBRBM3PK+WCBCBB3PK,LEDSone UK,68,0,1,1,
305,B0F9YQJN3N,LSMS320YE+RPR44WH,LEDSone UK,67,0,1,1,
306,B07RXYSY72,PLWLRR,DCVoltage UK,65,0,1,1,
307,B08XNSJYTG,LSCY290GY+RPR44WH,DCVoltage UK,65,0,1,1,
308,B0F79GRYH3,CTBOP13XL+CTBOP23XL+CTBOP28XL,DCVoltage UK,64,0,1,1,
309,B0BBB5SX4T,CL3RPE5PK,LEDSone UK,64,0,1,1,
310,B0F1CV6Q2Y,CRSF1204WH,LEDSone UK,64,0,1,1,
311,B0G57SHHMT,CRFF500BS+PHNW1RBS3PK+ICST64E273PK,LEDSone UK,63,1,1,1,
312,B0FBRKR16M,ENC9723,LEDSone UK,63,0,1,1,
313,B0D3LY29Z9,CSBEB6LG+CSBEB6PI,LEDSone UK,63,2,1,1,
314,B0FCRL3TXM,LSFSCO220BM,DCVoltage UK,62,0,1,1,
315,B0D6G6QRXK,CSBEB9GY2PK,DCVoltage UK,61,0,1,1,
316,B0847NVVD6,CBSF85,LEDSone UK,60,5,1,1,
317,B0D9K5NHFW,TPFC280SL,DCVoltage UK,59,0,1,1,
318,B0CSFTLDYN,STND182WH2PK,LEDSone UK,59,1,1,1,
319,B0DZH7YGDB,WCBXBM+RPR44WH,LEDSone UK,58,0,1,1,
320,B0GF1R1BNV,ENC1804,LEDSone UK,57,0,1,1,
321,B0F43XSTZC,LSCY290BC+RPR44WH,LEDSone UK,57,0,1,1,
322,B09LML4ZW9,CRSF100BM+LHNSE27BM+SCRN70YB+LSMS320BT,LEDSone UK,56,0,1,1,
323,B0D3M13N9X,CSBEB6OR+CSBEB6PI,LEDSone UK,55,1,1,1,
324,B0CN1BG11M,CRSF1202WH+PHRY1PCRWH2PK+LSDO210WH2PK,DCVoltage UK,55,0,1,1,
325,B08WS22BVW,PHCT1BMRBM+PHBA1BMRBM+LSDO300YB,DCVoltage UK,54,0,1,1,
326,B0F1TRX5SN,WCBNWH2PK+RPR44WH2PK,DCVoltage UK,54,0,1,1,
327,B0F9WZ5R9L,LSFT220GB+RPR44WH,LEDSone UK,54,1,1,1,
328,B0CV17KMM8,CKCP38382T2,DCVoltage UK,53,1,1,1,
329,B0D6KKSWN8,LSCY290YE2PK+RPR44WH2PK,DCVoltage UK,51,0,1,1,
330,B0D8PBMLB7,IMRGAPK,LEDSone UK,51,1,1,1,
331,B0CG5YGHNW,LSCY290CH2PK+RPR44WH2PK,DCVoltage UK,50,2,1,1,
332,B0CQJNTQ6R,MADOIMT2BM,LEDSone UK,49,0,1,1,
333,B0F9WGTYFF,LSHH240RR+RPR44WH,LEDSone UK,49,0,1,1,
334,B0BC1BY6S1,CL3RBRAPK,LEDSone UK,47,0,1,1,
335,B0CF5NMTQX,CRSF100CO+PHCHPBRCO+LSCY290CO,LEDSone UK,47,0,1,1,
336,B0CRZ2C9QS,LSCY290RR+RPR44WH,DCVoltage UK,46,0,1,1,
337,B0DQKYKKJV,BL1S0300BM,DCVoltage UK,46,1,1,1,
338,B0CNJQRMML,WCB2RR,DCVoltage UK,46,0,1,1,
339,B0CN2ZMT1F,ENC5706,DCVoltage UK,44,1,1,1,
340,B0DK8WQ5ZS,LHTOE27YB,LEDSone UK,44,0,1,1,
341,B0FBW7J4PH,CRSF2003BS+PHNW1RBS3PK,DCVoltage UK,43,0,1,1,
342,B0D4QKJS1H,CSBEB6PI2PK,DCVoltage UK,43,0,1,1,
343,B0CVL7N9XH,LSEL400YE+RPR44WH,DCVoltage UK,42,0,1,1,
344,B0CR93LP26,CKB2401BM,DCVoltage UK,41,3,1,1,
345,B08S728C3C,CRSF2003YB+PHHN1PBRGD3PK+LSGG200AR3PK,DCVoltage UK,41,1,1,1,
346,B0DCZ22X2R,WCFWROCO2PK+RPR44WH2PK,LEDSone UK,41,0,1,1,
347,B0CL9GR1CJ,BLBB1GU350+LDGU10WD5,LEDSone UK,41,0,1,1,
348,B0BX46169V,LSSS300BM+RPR44WH,LEDSone UK,41,0,1,1,
349,B0F6CRCT5V,ENC2729,LEDSone UK,41,0,1,1,
350,B0B18NDGCQ,RPM40BM2PK,DCVoltage UK,41,0,1,1,
351,B08QRGQ484,ENC108,DCVoltage UK,40,0,1,1,
352,B0CN33ZKP6,WCB5BC2PK+RPR44WH2PK,DCVoltage UK,40,0,1,1,
353,B095PRD65M,CRSF100BM+WCSC1BM,LEDSone UK,40,0,1,1,
354,B097BYN3NY,LHPHE27CO,LEDSone UK,39,0,1,1,
355,B0D675MX2L,SPSDP2WH3PK,DCVoltage UK,39,1,1,1,
356,B0CB7WBYJB,SPSDP3WH6PK,DCVoltage UK,38,0,1,1,
357,B0CP7D7CJP,CBSF135,DCVoltage UK,38,0,1,1,
358,B0DD6XX3XM,WCDEBM2PK,LEDSone UK,37,0,1,1,
359,B0CR9W5933,WCFWROCO+RPR44WH,LEDSone UK,37,1,1,1,
360,B0DCHM8TH7,STND242RE2PK,LEDSone UK,37,1,1,1,
361,B0C5XZ8198,LSTF40BM+RPR44WH,LEDSone UK,36,0,1,1,
362,B0C7WCH2PQ,ENC5201,LEDSone UK,36,0,1,1,
363,B0CNC66YTD,ENC5316,DCVoltage UK,35,0,1,1,
364,B0CBLWW4NG,WCVCBM2PK+RPR44WH2PK,DCVoltage UK,35,0,1,1,
365,B0BVMT26RM,CRSF2003BS+PHRI1PCRSN3PK+LSHH240BS3PK,DCVoltage UK,34,0,1,1,
366,B09MQSCVGF,WCB4WH+RPR44WH,LEDSone UK,33,0,1,1,
367,B0C7R2PGD4,CRSF2003BM+WCRNBM3PK+ICST64E273PK,DCVoltage UK,33,0,1,1,
368,B0FN4BQ4N5,PLHCRR+LSDO210RR3PK,LEDSone UK,32,0,1,1,
369,B0F7942PGH,CTBOP19L+CTBOP15L+CTBOP14L,DCVoltage UK,32,2,1,1,
370,B095YFTLFF,ENC4012,DCVoltage UK,32,0,1,1,
371,B08XXV8PLG,WCB3BB+RPR44WH,DCVoltage UK,32,0,1,1,
372,B0D4QN84XR,CSBEB6LG2PK,DCVoltage UK,32,1,1,1,
373,B0BC1H7FR9,CL3RPEAPK,LEDSone UK,31,0,1,1,
374,B08T9JZ971,CRSF100SN+LHNSE27SN+LSSS300SN,LEDSone UK,31,0,1,1,
375,B0F7LLS2CF,LSFC300OW2PK,LEDSone UK,30,0,1,1,
376,B0DBVRR8X3,ENC7545,LEDSone UK,30,1,1,1,
377,B0D4QLPVSG,CSBEB6BL+CSBEB6LG,DCVoltage UK,30,1,1,1,
378,B0GL7GLZ8N,ENC9424,LEDSone UK,30,0,1,1,
379,B07Q5Z23V6,24IP20200,DCVoltage UK,29,0,1,1,
380,B0CY53XG9S,CKTBDFBK,DCVoltage UK,29,0,1,1,
381,B0D6GBVPB8,CSBEB9NB2PK,DCVoltage UK,29,2,1,1,
382,B0DFCSD62T,MABST2DY2PK,DCVoltage UK,28,0,1,1,
383,B0D675RN2B,SPSDP2SN2PK,DCVoltage UK,28,1,1,1,
384,B0C9TBRBCV,LHCNE27GB,DCVoltage UK,28,0,1,1,
385,B0G5XK5K1X,CRSF2003CO+PHNW1RRR3PK+ICST64E273PK,DCVoltage UK,27,0,1,1,
386,B0FWBXBD9G,PHHR3DSTHE,DCVoltage UK,27,0,1,1,
387,B094DC2GNJ,CRFF500BM+PHMU1PBRCO3PK+LSDM220CO3PK,LEDSone UK,27,0,1,1,
388,B0C6DJZRXQ,CRSF1209CO+PHBK1PBRCO9PK+ICST64E279PK,DCVoltage UK,26,0,1,1,
389,B08MB1CYJV,ENC33,LEDSone UK,26,0,1,1,
390,B0DX6JMJ68,ENC7543,LEDSone UK,26,1,1,1,
391,B084RCKRV7,WCB6BS+RPR44WH,LEDSone UK,26,0,1,1,
392,B09GVRVRL2,CRSF100BM+WSHR135BM+LSDM220FG,DCVoltage UK,25,0,1,1,
393,B08XXVF2R8,WCB3WH+RPR44WH,DCVoltage UK,25,0,1,1,
394,B09LVF5824,PHCT1BMRBM+PHDO1PBRBM+LSCY290CO,LEDSone UK,25,0,1,1,
395,B0D83MBJW1,WCDTGD3PK+RPR44WH3PK,DCVoltage UK,25,0,1,1,
396,B0CF1N2JNF,BLOB1GU3002PK+LDGU10CD52PK,DCVoltage UK,24,0,1,1,
397,B0DGKTRDZN,RPR44WH3PK,LEDSone UK,24,1,1,1,
398,B09KVB6H5L,ENC2000,LEDSone UK,24,0,1,1,
399,B0BWNQQMYL,ENC775,LEDSone UK,23,0,1,1,
400,B08XNTWYY2,LSCY290CO+RPR44WH,DCVoltage UK,23,0,1,1,
401,B0G7GH5WWQ,PSHYOS4WRWH+CBMP140WH,LEDSone UK,23,0,1,1,
402,B0CN9FBQVD,ENC5747,LEDSone UK,23,1,1,1,
403,B0D6769L8H,SPSDP2BM2PK,DCVoltage UK,23,1,1,1,
404,B0CG928BJC,WCFWROBM+RPR44WH,LEDSone UK,23,0,1,1,
405,B0CCJ5NB8Z,SPSDP3BM6PK,LEDSone UK,22,0,1,1,
406,B0CLD8QRW9,CRSF108WH2PK+WSST70WH2PK+ICST64E272PK,LEDSone UK,21,0,1,1,
407,B0CTTB5FC2,LSCO335WH2PK+RPR44WH2PK,DCVoltage UK,21,0,1,1,
408,B0BVMKSR6Y,WCFRBM,LEDSone UK,21,0,1,1,
409,B0C4LWG9JR,LSLC180RR+RPR44WH,LEDSone UK,20,0,1,1,
410,B0GYP9Q11N,BS6S8033WH,LEDSone UK,20,0,1,1,
411,B0DP78B2BM,CRSF100YB2PK+PHCHPCRYB2PK+LSCY290YB2PK,LEDSone UK,20,0,1,1,
412,B0G49D2BKG,WCCYSP180BM2PK+RPR44WH2PK,DCVoltage UK,20,1,1,1,
413,B0CGDV6KZK,CRSF100WH+PHRN2PCRGY,LEDSone UK,20,0,1,1,
414,B0D9S9T5HZ,CL2RLGAPK,LEDSone UK,19,1,1,1,
415,B0FL745DTM,PHSF2BRTCO2PK+ICST64E272PK,DCVoltage UK,19,0,1,1,
416,B0F7R5MYM7,PCSWRG10SN+SWFF1GCH,LEDSone UK,19,1,1,1,
417,B081H7GZJB,12IP6715,DCVoltage UK,19,0,1,1,
418,B0DCK24R7X,ENC6527,LEDSone UK,18,0,1,1,
419,B0CMCQSL71,CRSF100WH+PHCH1PCTSRE+ICST64E27,LEDSone UK,17,1,1,1,
420,B0DFGJV866,WCDTWH5PK+RPR44WH5PK,DCVoltage UK,17,0,1,1,
421,B0CTXGBD5D,LSCO360WH2PK+RPR44WH2PK,DCVoltage UK,17,0,1,1,
422,B0CKF22C46,LDLIE27TF4,LEDSone UK,17,0,1,1,
423,B0CDPWFXXW,PHHR1DSTHE2PK,LEDSone UK,17,0,1,1,
424,B0FPQHSDCP,LSLC180BM2PK+RPR44WH2PK,LEDSone UK,16,0,1,1,
425,B0D6W96Z65,FWS34243BM,LEDSone UK,16,0,1,1,
426,B0C39491SD,PHCT1BMRBM+PHBA1BMRBM+LSLT360BC,DCVoltage UK,15,0,1,1,
427,B0DD7J5YMZ,LSFC300OW2PK,DCVoltage UK,15,0,1,1,
428,B0CVL8N94Y,LSTF400OR+RPR44WH,DCVoltage UK,15,0,1,1,
429,B0C5XXZBQJ,LSTF40BB+RPR44WH,LEDSone UK,14,0,1,1,
430,B0DJCWXVZC,ENC7704,DCVoltage UK,14,0,1,1,
431,B0D8VQYTDL,LDG9D51C55PK,LEDSone UK,14,3,1,1,
432,B0CNZT7NNB,CRSF100GB+WSSS70GB+LSFT220GB+ICST64E27,DCVoltage UK,13,0,1,1,
433,B0FKLRMJ44,ENC8681,DCVoltage UK,13,0,1,1,
434,B0FR548H95,PHSF2GYTCH3PK+ICST64E273PK,DCVoltage UK,13,0,1,1,
435,B0F9WZ3QD8,LSFT220WH+RPR44WH,LEDSone UK,13,0,1,1,
436,B0DNJ9L8M5,PCBSM2FFG,LEDSone UK,13,0,1,1,
437,B09HHG46J1,CRFF500WH+PHRI1PCRSN3PK+LSFT220SN3PK,DCVoltage UK,13,0,1,1,
438,B0DCS6TVSZ,WCWDCH2PK+RPR44WH2PK,LEDSone UK,12,0,1,1,
439,B08XXWLS8C,WCB1BS+RPR44WH,DCVoltage UK,12,0,1,1,
440,B09YYT3RXY,PLADRR+LSDO210RR3PK,DCVoltage UK,12,0,1,1,
441,B07CWD8D5F,12IP67300,DCVoltage UK,12,1,1,1,
442,B0FTRT91C4,12IP67100,LEDSone UK,11,0,1,1,
443,B0FN7WTTH3,SSSFGLCL6PK,LEDSone UK,11,0,1,1,
444,B0CGDZ76D8,CRSF100WH+PHRN1PCRBT,LEDSone UK,11,0,1,1,
445,B0CN3CCL6N,WCB1WH+RPR44WH,DCVoltage UK,11,0,1,1,
446,B0F2SZD4RK,LSMS320WH+RPR44WH,LEDSone UK,10,0,1,1,
447,B0DHLDR6GQ,LSCO335WH2PK+RPR44WH2PK,LEDSone UK,9,0,1,1,
448,B0CKF9K9KR,LDLIE14FL4,LEDSone UK,9,0,1,1,
449,B0C2Q2Y72W,CRSF100WH+PHRB1PBRWH+CGWDWO+LSWE315BL,LEDSone UK,9,0,1,1,
450,B08FHXRKGG,CRSF100BM+WSLS155BM+LSFT220YE,DCVoltage UK,9,0,1,1,
451,B0H33KDSFY,LPMC50CW9WAPK,LEDSone UK,9,1,1,1,
452,B0D9Q3BWH3,PHCT80GBCGB,DCVoltage UK,8,0,1,1,
453,B0CNTFRQHL,WCB4BC,DCVoltage UK,8,0,1,1,
454,B0C58TTXKV,ENC4920,DCVoltage UK,8,0,1,1,
455,B0GW8BMXKH,LHSWPBB22SN,DCVoltage UK,8,0,1,1,
456,B0CNTD6JBS,WCB7BC+RPR44WH,DCVoltage UK,7,0,1,1,
457,B0F79WMWRG,CTBOP28L+CTBOP27L+CTBOP26L,DCVoltage UK,7,0,1,1,
458,B0D4QRCHRK,CSBEB6BL+CSBEB6PI,DCVoltage UK,7,0,1,1,
459,B0DLW4KYG8,CL2TPUAPK,DCVoltage UK,7,0,1,1,
460,B0CLDB8Q5J,CRSF108CH2PK+WSST70CH2PK,LEDSone UK,7,0,1,1,
461,B08XNPZZ6W,LSSS300RO+RPR44WH,DCVoltage UK,7,0,1,1,
462,B0DV5F8QR2,ENC8208,LEDSone UK,5,0,1,1,
463,B0DDXQQFXB,LHSHE27SN3PK,LEDSone UK,5,0,1,1,
464,B0CHJNH1FL,BC2W160,LEDSone UK,5,0,1,1,
465,B09BVZC1XR,WCTBBM,LEDSone UK,5,0,1,1,
466,B0CBLYHCFB,WCWDCH2PK+RPR44WH2PK,DCVoltage UK,5,0,1,1,
467,B08FHYPCX5,CRSF100CO+WSLS155CO+LSFT220RE,DCVoltage UK,5,0,1,1,
468,B0CTWV3DHQ,LSCO360BM+RPR44WH,DCVoltage UK,4,0,1,1,
469,B0F43WHXJ9,LSCY290SN+RPR44WH,LEDSone UK,4,0,1,1,
470,B0H45R1MMR,CRSF100BL2PK+LHTTE27BL2PK,DCVoltage UK,3,0,1,1,
471,B0DX73BKQZ,PCBM20MX2PK,LEDSone UK,3,0,1,1,
472,B0G5HGBR4T,PCGZFF5PK,LEDSone UK,3,1,1,1,
473,B0D7PRPNS3,LBT1DSGR2PK,DCVoltage UK,2,0,1,1,
474,B0CMCRLX7D,CRSF100WH+PHCH1PCTSYE+ICST64E27,LEDSone UK,2,0,1,1,
475,B0CNZ2HJ65,ENC4316,DCVoltage UK,2,0,1,1,
476,B0D8YHX5YL,LSCY210BC2PK+RPR44WH2PK,LEDSone UK,1,0,1,1,
477,B0DBLR9K2G,CL3RREAPK,DCVoltage UK,1,0,1,1,
478,B0F24DF4JP,CGCEGBAPK,LEDSone UK,1,0,1,1,
479,B0F29GNRKT,SPSD78SN3PK,LEDSone UK,1,0,1,1,
480,B08FHX7BRK,CRSF100BM+WSLS155BM+LSFT220BL,DCVoltage UK,1,0,1,1,
481,B0CNXLR5DJ,CL3TLB3PK,DCVoltage UK,1,0,1,1,
482,B0F291VKCF,,LEDSone UK,1932,12,1,0,
483,B0D9RWB87Q,,DCVoltage UK,1221,10,1,0,
484,B0DP2RQWTH,,LEDSone UK,592,2,1,0,
485,B0CBPQVC6K,,DCVoltage UK,395,1,1,0,
486,B09L54F3QS,,LEDSone UK,168,0,1,0,
487,B0BW9RPJ23,,LEDSone UK,125,0,1,0,
488,B08TLSNGD7,,DCVoltage UK,94,0,1,0,
489,B0CBPBQK1X,,DCVoltage UK,56,0,1,0,
490,B0D5LV2NC3,,DCVoltage UK,52,0,1,0,
491,B0CBVBWZCG,,LEDSone UK,48,1,1,0,
492,B09K7GSHQ9,,DCVoltage UK,14,0,1,0,
